free_memory,time
2454,01:13:57
2411,01:13:58
1436,01:13:59
605,01:14:00
31,01:14:01
24,01:14:03
25,01:14:04
18,01:14:05
24,01:14:06
16,01:14:07
19,01:14:08
16,01:14:09
17,01:14:10
17,01:14:11
13,01:14:12
29,01:14:13
11,01:14:14
16,01:14:15
11,01:14:16
12,01:14:17
13,01:14:18
8,01:14:19
5,01:14:20
5,01:14:21
6,01:14:22
10,01:14:23
5,01:14:24
11,01:14:25
8,01:14:26
8,01:14:27
15,01:14:28
38,01:14:29
6,01:14:31
8,01:14:32
8,01:14:33
8,01:14:34
12,01:14:35
6,01:14:36
49,01:14:37
2908,01:14:38
2903,01:14:39
2899,01:14:40
2896,01:14:41
2893,01:14:42
2889,01:14:43
2886,01:14:45
2883,01:14:46
2881,01:14:47
2878,01:14:48
2876,01:14:49
2874,01:14:50
2872,01:14:51
2877,01:14:52
2874,01:14:53
2873,01:14:54
2872,01:14:55
2870,01:14:56
2867,01:14:57
2866,01:14:58
2873,01:14:59
2872,01:15:00
2871,01:15:01
2870,01:15:02
2868,01:15:03
2866,01:15:04
2865,01:15:05
2863,01:15:06
2862,01:15:07
2861,01:15:08
2860,01:15:09
2858,01:15:10
2857,01:15:11
2856,01:15:12
2855,01:15:13
2853,01:15:14
2853,01:15:15
2851,01:15:16
2849,01:15:17
2849,01:15:18
2848,01:15:19
2847,01:15:20
2846,01:15:21
2845,01:15:22
2845,01:15:23
2845,01:15:24
2845,01:15:25
2845,01:15:26
2845,01:15:27
2845,01:15:28
2845,01:15:29
2845,01:15:30
2845,01:15:31
2845,01:15:32
2845,01:15:33
2845,01:15:34
2845,01:15:35
2845,01:15:36
2845,01:15:37
2845,01:15:38
2845,01:15:39
2845,01:15:40
2845,01:15:41
2845,01:15:42
2845,01:15:43
2845,01:15:44
2845,01:15:45
2845,01:15:46
2845,01:15:47
2845,01:15:48
2844,01:15:49
2840,01:15:50
2839,01:15:51
2835,01:15:52
2835,01:15:53
2833,01:15:54
2829,01:15:55
2827,01:15:56
2823,01:15:57
